{"cameraMode":{"drawMode":0,"name":"Shaded","section":"Shading Mode"},"sceneLighting":true,"audioPlay":false,"sceneViewState":{"m_AlwaysRefresh":false,"showFog":true,"showSkybox":true,"showFlares":true,"showImageEffects":true,"showParticleSystems":true,"showVisualEffectGraphs":true,"m_FxEnabled":true},"in2DMode":false,"pivot":{"x":-0.33006709814071658,"y":3.204120397567749,"z":-10.464603424072266},"rotation":{"x":-0.09799745678901673,"y":-0.15106530487537385,"z":0.015051851980388165,"w":-0.9835398197174072},"size":0.8660253882408142,"orthographic":false}